/*M!999999\- enable the sandbox mode */ 
-- MariaDB dump 10.19  Distrib 10.6.22-MariaDB, for debian-linux-gnu (x86_64)
--
-- Host: mysql    Database: railway
-- ------------------------------------------------------
-- Server version	9.5.0

/*!40101 SET @OLD_CHARACTER_SET_CLIENT=@@CHARACTER_SET_CLIENT */;
/*!40101 SET @OLD_CHARACTER_SET_RESULTS=@@CHARACTER_SET_RESULTS */;
/*!40101 SET @OLD_COLLATION_CONNECTION=@@COLLATION_CONNECTION */;
/*!40101 SET NAMES utf8mb4 */;
/*!40103 SET @OLD_TIME_ZONE=@@TIME_ZONE */;
/*!40103 SET TIME_ZONE='+00:00' */;
/*!40014 SET @OLD_UNIQUE_CHECKS=@@UNIQUE_CHECKS, UNIQUE_CHECKS=0 */;
/*!40014 SET @OLD_FOREIGN_KEY_CHECKS=@@FOREIGN_KEY_CHECKS, FOREIGN_KEY_CHECKS=0 */;
/*!40101 SET @OLD_SQL_MODE=@@SQL_MODE, SQL_MODE='NO_AUTO_VALUE_ON_ZERO' */;
/*!40111 SET @OLD_SQL_NOTES=@@SQL_NOTES, SQL_NOTES=0 */;

--
-- Table structure for table `Agendamento`
--

DROP TABLE IF EXISTS `Agendamento`;
/*!40101 SET @saved_cs_client     = @@character_set_client */;
/*!40101 SET character_set_client = utf8mb4 */;
CREATE TABLE `Agendamento` (
  `Id` int NOT NULL AUTO_INCREMENT,
  `ClienteId` int NOT NULL,
  `BarbeiroId` int NOT NULL,
  `DataHora` datetime NOT NULL,
  `Status` int NOT NULL DEFAULT '1',
  `DataRegistro` datetime NOT NULL DEFAULT '2025-11-13 03:25:49',
  `Observacao` varchar(255) CHARACTER SET utf8mb4 COLLATE utf8mb4_0900_ai_ci DEFAULT NULL,
  PRIMARY KEY (`Id`),
  KEY `IX_Agendamento_BarbeiroId` (`BarbeiroId`),
  KEY `IX_Agendamento_ClienteId` (`ClienteId`),
  CONSTRAINT `FK_Agendamento_Barbeiro_BarbeiroId` FOREIGN KEY (`BarbeiroId`) REFERENCES `Barbeiro` (`Id`) ON DELETE CASCADE,
  CONSTRAINT `FK_Agendamento_Cliente_ClienteId` FOREIGN KEY (`ClienteId`) REFERENCES `Cliente` (`Id`) ON DELETE CASCADE
) ENGINE=InnoDB AUTO_INCREMENT=22 DEFAULT CHARSET=utf8mb4 COLLATE=utf8mb4_0900_ai_ci;
/*!40101 SET character_set_client = @saved_cs_client */;

--
-- Dumping data for table `Agendamento`
--

LOCK TABLES `Agendamento` WRITE;
/*!40000 ALTER TABLE `Agendamento` DISABLE KEYS */;
INSERT INTO `Agendamento` VALUES (4,3,6,'2025-12-01 12:35:00',7,'2025-11-13 06:02:32',NULL),(5,4,6,'2025-12-01 22:22:00',6,'2025-11-13 06:04:43',NULL),(6,4,6,'2025-12-22 22:22:00',7,'2025-11-13 06:05:58',NULL),(7,4,6,'2025-12-22 23:22:00',7,'2025-11-13 06:06:09',NULL),(8,3,6,'2026-01-01 13:15:00',6,'2025-11-13 06:13:14',NULL),(10,5,2,'2025-12-20 10:00:00',1,'2025-11-13 14:02:53','teste'),(11,5,6,'2025-12-20 10:00:00',7,'2025-11-13 14:04:15','teste'),(12,3,6,'2026-02-02 12:00:00',6,'2025-11-13 19:27:04',NULL),(13,3,6,'2027-02-01 01:01:00',7,'2025-11-15 20:34:06',NULL),(14,6,6,'2027-06-01 12:00:00',6,'2025-11-15 20:35:12',NULL),(15,7,6,'2026-02-01 01:01:00',6,'2025-11-15 20:35:41',NULL),(16,8,6,'2027-02-01 01:01:00',6,'2025-11-15 20:36:24',NULL),(17,9,6,'2026-02-01 12:00:00',6,'2025-11-17 03:00:38',NULL),(18,6,6,'2026-02-01 12:00:00',7,'2025-11-17 03:02:17',NULL),(19,10,6,'2026-01-01 12:00:00',7,'2025-11-17 03:14:35',NULL),(20,6,6,'2026-02-01 12:00:00',7,'2025-11-17 03:39:56',NULL),(21,11,6,'2026-02-01 12:00:00',7,'2025-11-17 00:50:42','OBS DO AGENDAMENTO');
/*!40000 ALTER TABLE `Agendamento` ENABLE KEYS */;
UNLOCK TABLES;

--
-- Table structure for table `AgendamentoServicos`
--

DROP TABLE IF EXISTS `AgendamentoServicos`;
/*!40101 SET @saved_cs_client     = @@character_set_client */;
/*!40101 SET character_set_client = utf8mb4 */;
CREATE TABLE `AgendamentoServicos` (
  `AgendamentoId` int NOT NULL,
  `ServicoId` int NOT NULL,
  `Observacao` varchar(255) CHARACTER SET utf8mb4 COLLATE utf8mb4_0900_ai_ci DEFAULT NULL,
  PRIMARY KEY (`AgendamentoId`,`ServicoId`),
  KEY `IX_AgendamentoServico_ServicoId` (`ServicoId`),
  CONSTRAINT `FK_AgendamentoServico_Agendamento_AgendamentoId` FOREIGN KEY (`AgendamentoId`) REFERENCES `Agendamento` (`Id`) ON DELETE CASCADE,
  CONSTRAINT `FK_AgendamentoServico_Servico_ServicoId` FOREIGN KEY (`ServicoId`) REFERENCES `Servico` (`Id`) ON DELETE CASCADE
) ENGINE=InnoDB DEFAULT CHARSET=utf8mb4 COLLATE=utf8mb4_0900_ai_ci;
/*!40101 SET character_set_client = @saved_cs_client */;

--
-- Dumping data for table `AgendamentoServicos`
--

LOCK TABLES `AgendamentoServicos` WRITE;
/*!40000 ALTER TABLE `AgendamentoServicos` DISABLE KEYS */;
INSERT INTO `AgendamentoServicos` VALUES (5,1,'teste'),(6,1,'teste'),(7,1,'teste'),(8,1,'teste'),(10,1,'teste'),(11,1,'teste'),(12,2,NULL),(13,3,'teste'),(14,5,'aaaa'),(15,5,'aaaa'),(16,3,'aaa'),(17,3,'testando'),(18,5,'aaaaaaaaaaaaaaaaaaaaaaaaa'),(19,1,'teste'),(20,1,'teste'),(21,1,'OBS DO SERVIÇO');
/*!40000 ALTER TABLE `AgendamentoServicos` ENABLE KEYS */;
UNLOCK TABLES;

--
-- Table structure for table `Barbeiro`
--

DROP TABLE IF EXISTS `Barbeiro`;
/*!40101 SET @saved_cs_client     = @@character_set_client */;
/*!40101 SET character_set_client = utf8mb4 */;
CREATE TABLE `Barbeiro` (
  `Id` int NOT NULL AUTO_INCREMENT,
  `Nome` varchar(150) CHARACTER SET utf8mb4 COLLATE utf8mb4_0900_ai_ci DEFAULT NULL,
  `Telefone` varchar(15) CHARACTER SET utf8mb4 COLLATE utf8mb4_0900_ai_ci NOT NULL,
  `UsuarioId` int DEFAULT NULL,
  PRIMARY KEY (`Id`),
  UNIQUE KEY `IX_Barbeiro_UsuarioId` (`UsuarioId`),
  CONSTRAINT `FK_Barbeiro_Usuarios_UsuarioId` FOREIGN KEY (`UsuarioId`) REFERENCES `Usuarios` (`Id`) ON DELETE SET NULL
) ENGINE=InnoDB AUTO_INCREMENT=7 DEFAULT CHARSET=utf8mb4 COLLATE=utf8mb4_0900_ai_ci;
/*!40101 SET character_set_client = @saved_cs_client */;

--
-- Dumping data for table `Barbeiro`
--

LOCK TABLES `Barbeiro` WRITE;
/*!40000 ALTER TABLE `Barbeiro` DISABLE KEYS */;
INSERT INTO `Barbeiro` VALUES (2,'Gabriel Rodrigues da Silva','5181282958',2),(6,'Cristian Schmidt','51981695117',1);
/*!40000 ALTER TABLE `Barbeiro` ENABLE KEYS */;
UNLOCK TABLES;

--
-- Table structure for table `Cliente`
--

DROP TABLE IF EXISTS `Cliente`;
/*!40101 SET @saved_cs_client     = @@character_set_client */;
/*!40101 SET character_set_client = utf8mb4 */;
CREATE TABLE `Cliente` (
  `Id` int NOT NULL AUTO_INCREMENT,
  `Nome` varchar(150) CHARACTER SET utf8mb4 COLLATE utf8mb4_0900_ai_ci NOT NULL,
  `Cpf` varchar(15) CHARACTER SET utf8mb4 COLLATE utf8mb4_0900_ai_ci DEFAULT NULL,
  `Telefone` varchar(15) CHARACTER SET utf8mb4 COLLATE utf8mb4_0900_ai_ci NOT NULL,
  `DataCadastro` datetime NOT NULL DEFAULT '2025-11-13 03:25:49',
  PRIMARY KEY (`Id`)
) ENGINE=InnoDB AUTO_INCREMENT=12 DEFAULT CHARSET=utf8mb4 COLLATE=utf8mb4_0900_ai_ci;
/*!40101 SET character_set_client = @saved_cs_client */;

--
-- Dumping data for table `Cliente`
--

LOCK TABLES `Cliente` WRITE;
/*!40000 ALTER TABLE `Cliente` DISABLE KEYS */;
INSERT INTO `Cliente` VALUES (1,'ALBERTO FERREIRA DA SILVA','033.218.200','(51) 99165-6285','2025-11-10 18:18:26'),(2,'Wagner Souza Marcelo','000.000.000','(79) 99799-0723','2025-11-12 02:42:38'),(3,'teste','99999999999','51999999999','2025-11-13 00:15:36'),(4,'Belissa Ferreira Cecim','01999670504','51999999995','2025-11-13 03:25:49'),(5,'Cliente Teste','12345678900','51987654321','2025-11-13 03:25:49'),(6,'toblerone cacique de pedra','85455199072','11111111111','2025-11-13 03:25:49'),(7,'abobadilson farofilson','85455199072','22222222222','2025-11-13 03:25:49'),(8,'lero lero','99999999999','33333333333','2025-11-13 03:25:49'),(9,'Teste Tester','99999999999','44444444444','2025-11-13 03:25:49'),(10,'toblerone cacique de pedra','99999999999','51981301183','2025-11-13 03:25:49'),(11,'TESTE OBS','000','000','2025-11-13 03:25:49');
/*!40000 ALTER TABLE `Cliente` ENABLE KEYS */;
UNLOCK TABLES;

--
-- Table structure for table `RefreshTokens`
--

DROP TABLE IF EXISTS `RefreshTokens`;
/*!40101 SET @saved_cs_client     = @@character_set_client */;
/*!40101 SET character_set_client = utf8mb4 */;
CREATE TABLE `RefreshTokens` (
  `Id` int NOT NULL AUTO_INCREMENT,
  `UsuarioId` int NOT NULL,
  `TokenHash` longtext CHARACTER SET utf8mb4 COLLATE utf8mb4_0900_ai_ci NOT NULL,
  `ExpiraEm` datetime(6) NOT NULL,
  `CriadoEm` datetime(6) NOT NULL,
  `Revogado` tinyint(1) NOT NULL,
  PRIMARY KEY (`Id`),
  KEY `IX_RefreshTokens_UsuarioId` (`UsuarioId`),
  CONSTRAINT `FK_RefreshTokens_Usuarios_UsuarioId` FOREIGN KEY (`UsuarioId`) REFERENCES `Usuarios` (`Id`) ON DELETE CASCADE
) ENGINE=InnoDB AUTO_INCREMENT=98 DEFAULT CHARSET=utf8mb4 COLLATE=utf8mb4_0900_ai_ci;
/*!40101 SET character_set_client = @saved_cs_client */;

--
-- Dumping data for table `RefreshTokens`
--

LOCK TABLES `RefreshTokens` WRITE;
/*!40000 ALTER TABLE `RefreshTokens` DISABLE KEYS */;
INSERT INTO `RefreshTokens` VALUES (1,1,'13E33A1B1F377F2A8AC0F210456CC4CE68141EEEE47CAC9DF26C6752B34F954B','2025-11-17 02:34:06.776028','2025-11-10 02:34:06.775994',1),(2,1,'BB4C73783D48D053582EB8E30A71346D5C1B45F89031588643D795109A2809E9','2025-11-17 02:38:48.960456','2025-11-10 02:38:48.960455',1),(3,1,'69A19765D6131C15B5D20A0F7C8E8F1633C453F15BAF9E93D731F3B62A314CCE','2025-11-17 02:54:50.142050','2025-11-10 02:54:50.142050',1),(4,1,'B8B69D540FEC340E8E8A780180756FC8A48ABCC81FE86DCDD9C8FF5D4F7027A5','2025-11-17 16:51:46.647834','2025-11-10 16:51:46.647834',1),(5,1,'42B10FEFBD50E924E7B11898F31908B04BB86D508A78A8834FD64F89C0F4CC7D','2025-11-17 16:52:50.311986','2025-11-10 16:52:50.311986',1),(6,1,'157B77C018898699801A8408EE5AAE8F865D7CC5F07F6A7713E7AE87FB39E73F','2025-11-17 16:53:05.749690','2025-11-10 16:53:05.749689',1),(7,1,'AB153C8549C97A13EA873B75317D9AC50A45AFE83DD76F6DB9BA479DD8B49B95','2025-11-17 17:56:21.538860','2025-11-10 17:56:21.538859',1),(8,1,'374B2A9147CEAB493F2BC5E9628D2990B5C6E8D6E6B9860068848B82D4F15E4B','2025-11-17 17:56:30.536131','2025-11-10 17:56:30.536130',1),(9,2,'629F95AEAE0C6F0E0CE448DDCCBEEB4284D9947B1C7FB6A5E018E028CA6729FC','2025-11-17 18:13:46.795964','2025-11-10 18:13:46.795964',0),(10,1,'521E6ED6762612E665DAB2368A64FA98063F948D153CB34005D230D739CE3068','2025-11-17 18:19:21.448642','2025-11-10 18:19:21.448641',1),(11,1,'5BE39485325688BCA6CBF0C385C845AA9D7CFAB4A4A07721F3FE2BB7D90E9231','2025-11-18 00:38:40.214406','2025-11-11 00:38:40.214369',1),(12,1,'B0CF9D9F50DBC8E3EC01C2C10D4CF6FCFB9AE0EEDDB45D7F4B5314A64A0B6CB7','2025-11-18 03:24:00.556578','2025-11-11 03:24:00.556540',1),(13,1,'A799409451209CE6159D6A14BF07D3C72DD1CFABAAF4A32748C0DBFA661C6391','2025-11-18 04:12:34.903219','2025-11-11 04:12:34.903218',1),(14,1,'ADACD472F68F4902D330581164B22AE449E9B82BCE3A101AE968A03EFBA1536E','2025-11-18 04:14:32.069115','2025-11-11 04:14:32.069114',1),(15,2,'C05A43CACDC88EE08FE86A879CB72198E1DA5FB7F0F56543E1C83B84DEFAA04A','2025-11-18 04:19:46.516614','2025-11-11 04:19:46.516614',0),(16,1,'32950A8B5859B5D36A90F6A5946534E6BDD99FB111343D5198F2790E94C51939','2025-11-18 04:22:03.742292','2025-11-11 04:22:03.742291',1),(17,1,'61934AE3ED2F9A9DD5B21EAF9B9F0CC49061C1D09E96BC3E1B1C1C28A5F841D9','2025-11-19 02:08:05.474291','2025-11-12 02:08:05.474290',1),(18,1,'93082FC494BCB4314C205F186A9C59A0B6563B6F94BD4796EA60C0DAB4944A11','2025-11-19 02:42:59.769861','2025-11-12 02:42:59.769860',1),(19,1,'418FAC58C8B5D20C210F6C4FBC3E403F28EBA278199B4EE4C214267E97E80128','2025-11-19 05:28:04.935420','2025-11-12 05:28:04.935419',1),(20,1,'788251CEE322806530498EA2776BCA616D006D7A6A8480B07C83454CE7F48228','2025-11-19 18:31:26.413566','2025-11-12 18:31:26.413541',1),(21,1,'031B32945EE90E4148C114BBEC9522662AA7F230F0ED6B09944DA2E115A4E272','2025-11-19 18:33:18.606126','2025-11-12 18:33:18.606125',1),(22,1,'7836DF2D5374D5BCF96326DCBEA3F93964E60C75CB65461BD7BDA4C3FE096F75','2025-11-19 18:38:57.919492','2025-11-12 18:38:57.919491',1),(23,1,'64A16E0AAE31157E159EC43D34435E8CBFD74D828A05061D5143AE9E44B8FFA1','2025-11-19 18:41:13.481602','2025-11-12 18:41:13.481601',1),(24,1,'7AE776E3190FEAEAA92AFEAF2DDDB90A4946E7DDBF78D5831328692109B13200','2025-11-19 18:41:40.058044','2025-11-12 18:41:40.058043',1),(25,1,'D35EF2815ECCF695CA9AB28A4DA6C0C823BA575E6A1601096FC280F6B54EDEC5','2025-11-19 19:25:38.607878','2025-11-12 19:25:38.607840',1),(26,1,'458A6CD428F8D1F1FA96DB491D6E94B983564DC1F85EC6ED82BAD12513052A21','2025-11-20 00:24:50.665530','2025-11-13 00:24:50.665501',1),(27,1,'ED4E16B1E4F8E04E6E78F5A2C6D6B20B69F932F2678E4802F9E80F2CC60C473C','2025-11-20 00:25:57.707073','2025-11-13 00:25:57.707072',1),(28,1,'FC9A9F232D073B8DEBDB58696A7F7529C255D213A5FE93E2B0F783A6FBC41168','2025-11-20 03:57:43.349313','2025-11-13 03:57:43.349266',1),(29,1,'AC1792FA1A7EB203A28F1A83046CC2B56BBEC621FE23DC3A40CFDED141A69EAB','2025-11-20 04:43:44.784860','2025-11-13 04:43:44.784834',1),(30,1,'DC70518DBE05A5E73F019DC5D7EEE1009D21B56B1FDB6A3441CB918F8EA6EB6A','2025-11-20 06:14:04.646794','2025-11-13 06:14:04.646772',1),(31,1,'9B9AAB7B10ABC338912805317A28D79FB5B58F0D2ED44AE6F13F55C1E7DDCDD3','2025-11-20 16:31:11.160827','2025-11-13 16:31:11.160737',1),(32,1,'0F13D3F9D42B743BC12B9ACE35ADD06DF913548F4A4DAEBCA9909585DA756556','2025-11-20 16:58:07.495978','2025-11-13 16:58:07.495935',1),(33,1,'16C657D4F06D29241490EAEEDDD7E08ABE30D6FE689D835685CD80A66813CD8E','2025-11-20 17:04:44.561173','2025-11-13 17:04:44.561171',1),(34,1,'0E9CFFAC80103D29FD2D3EE2C68058B738E06164B3AFC5965E7BFE0B5DA20540','2025-11-20 17:14:27.761619','2025-11-13 17:14:27.761596',1),(35,1,'0B3CC8F033C5FF3060A7D43E31D19730A5CAC366EDBF8318FD74020A763C89FC','2025-11-20 17:17:54.337858','2025-11-13 17:17:54.337857',1),(36,1,'455701F6B8D4253905E9C93F73D5FD850AAA33BA4AED25D6B18A0AFBB3AF5BD1','2025-11-20 18:15:25.327721','2025-11-13 18:15:25.327719',1),(37,1,'E2935462C39E70215238089A473F1E04ADD534D5F38DCA5826CA6D26D37B4B0B','2025-11-20 19:26:10.600096','2025-11-13 19:26:10.600095',1),(38,1,'3B7969D668C87DC511565460D399C099D1F4B807BE992A9C58DCD1B7EDC032C1','2025-11-22 16:36:42.498832','2025-11-15 16:36:42.498792',1),(39,1,'00B9D2E30110A57DA7BEB0E018B17F4C50787444E1B1694359549B41A8B716C0','2025-11-22 16:59:08.995749','2025-11-15 16:59:08.995598',1),(40,1,'ED92483E939E12C63DBCA00531E24AF83B5322BB8882025832215DCE083B1530','2025-11-22 17:17:16.602299','2025-11-15 17:17:16.602221',1),(41,1,'CDC8B1200CFB4FFA895E27994F7C96FE8080F46BBADA3C609168761F48477653','2025-11-22 17:19:27.071610','2025-11-15 17:19:27.071609',1),(42,1,'407B1909289B0687EEFBFA62C5CD724DECFF06FEFCCA64BDB5015889C4267141','2025-11-22 17:39:35.685226','2025-11-15 17:39:35.685174',1),(43,1,'7F30C58EEB0A3736FF22B511EB20222F6036EFE713AC079164EB8A401829A343','2025-11-22 17:39:52.987788','2025-11-15 17:39:52.987787',1),(44,1,'B54088089D1BEEE505F0E5503BD144C5EE54F4C903876D1247C6026F9E297405','2025-11-22 17:40:07.242326','2025-11-15 17:40:07.242325',1),(45,1,'55581C6AF2973BC89095A10C67E6B8FA89961F87A5F93FEBE883EC95DAF608A1','2025-11-22 17:57:30.240842','2025-11-15 17:57:30.240842',1),(46,1,'D247B7D6FC395E8D08CAF999223BBCC8A1B3446368DE98D686A78112BD06C622','2025-11-22 17:57:35.674131','2025-11-15 17:57:35.674130',1),(47,1,'EC0F8601D63CD173F9224F2D4F95E8745814E1A7B9A3AC6BD79E3727359F4BA2','2025-11-22 18:00:49.659954','2025-11-15 18:00:49.659954',1),(48,1,'7780E380710B60A64A8B78E36B95989F00BD8DD19C6B6AEF7BCF784DEE015862','2025-11-22 18:00:54.052080','2025-11-15 18:00:54.052079',1),(49,1,'EBC0417786AB84CB645139A5BB664B07100FBC731234A306D480BE6DA3033C33','2025-11-22 18:03:40.669772','2025-11-15 18:03:40.669771',1),(50,1,'12F1BB449EC6678C11A6A3637208FF4ACFC29ED178F14E596B78A6C07B97F8EA','2025-11-22 18:03:44.995268','2025-11-15 18:03:44.995267',1),(51,1,'872BCBA483E9EF25874E06B721D55CD08467516AA62AD93911FC98A91C884BA2','2025-11-22 18:06:30.487356','2025-11-15 18:06:30.487356',1),(52,1,'5F445A0EB3C899760D97527E18D905E86E17B615322D40A476340DC0C8959448','2025-11-22 18:06:31.719498','2025-11-15 18:06:31.719498',1),(53,1,'ACD3E16564E978B75F9BB6E63BDCB4C2504B6303819C647E96469BC59D750122','2025-11-22 18:06:34.839481','2025-11-15 18:06:34.839480',1),(54,1,'E3A75DBEF42BBDF17DE9C21C47CEA397E78216D90AC825015DCC548539E2A34D','2025-11-22 18:06:36.094289','2025-11-15 18:06:36.094288',1),(55,1,'B3D7AF773585E9EFCE61EBDEEB66AD34620238E481D4F29A67D70509EF68A796','2025-11-22 18:08:24.663236','2025-11-15 18:08:24.663235',1),(56,1,'66B158CF7FA7C5F9F84E5E8B2E570C899CA74940228A5465E15DDC406E3E6D8E','2025-11-22 18:08:28.940346','2025-11-15 18:08:28.940346',1),(57,1,'BA34C197CDCCD9B27CCDAFA997DA5EC45E13C785E2B6D9A07ADE77E7B5B2D75A','2025-11-22 18:09:50.881080','2025-11-15 18:09:50.881080',1),(58,1,'D30399162178789CA4C53E6DFB5D9F49EFF92FEA5BF028413F0F860E792EC48C','2025-11-22 18:09:55.203719','2025-11-15 18:09:55.203719',1),(59,1,'4F5B2E2383600305929B9A5B37BF9554941E5C9D00A2C2C4B1DD9CBF3B9BCDF3','2025-11-22 18:10:40.464271','2025-11-15 18:10:40.464271',1),(60,1,'ACA7FF08E81FED6081D88D7714A96A7623972AF47E5F9571C7C4E3E99F95EE44','2025-11-22 18:10:44.771826','2025-11-15 18:10:44.771825',1),(61,1,'CF802C5AD13165329E5F893ACB77BC62F7D083B616F476E15B64E6A7CA91CC30','2025-11-22 18:12:20.780171','2025-11-15 18:12:20.780170',1),(62,1,'DD0D34C31D500E0C002B46EFA769AABEEA0525E73308D34C34FA52A0E49F5343','2025-11-22 18:12:22.713210','2025-11-15 18:12:22.713210',1),(63,1,'285BFE9F279335599301F6672D470DA2AE6E70F02B702DD5FE16A040E25D69A6','2025-11-22 18:12:26.162788','2025-11-15 18:12:26.162788',1),(64,1,'7BE2BF5396EDD3C8B5247142CCEAC7FADBC0D678848DB1EC44966BF82B6EBC68','2025-11-22 18:12:27.211855','2025-11-15 18:12:27.211854',1),(65,1,'01FE721418E8202C4F6B94EE44AC08F01018E284C167E2EBF48E015192DC13BF','2025-11-22 18:16:12.014476','2025-11-15 18:16:12.014475',1),(66,1,'C6A980436405FA3343E5449BD0C5A6E8AB13041F12004A13C80CC12E764C541A','2025-11-22 18:19:54.301086','2025-11-15 18:19:54.301085',1),(67,1,'497B1F985D9CDB8C7A56AC58D075AC22165CC4EF9911E79A23F5AD61DD548A2F','2025-11-22 19:09:01.222934','2025-11-15 19:09:01.222879',1),(68,1,'087788E90D451485A6A0418B7B36ED38664F0A420DA0752ED83DD5ED9DFDAA71','2025-11-22 19:09:41.683380','2025-11-15 19:09:41.683379',1),(69,1,'6736E8FAD605A7CA8E4266240175FAC4B65712B6D723630C05F8A2E5FCC98DBC','2025-11-22 19:09:44.786308','2025-11-15 19:09:44.786307',1),(70,1,'F7507FE1F770D6F2E0BE89B59C5EF604BF4A086DD5B9212A0A648BF5B8E195D7','2025-11-22 20:09:05.828920','2025-11-15 20:09:05.828887',1),(71,1,'3DE7649A3FC417100DD98C8F258EB931DD9B39297BD8ADE10A553A80F72B4793','2025-11-22 20:10:55.300811','2025-11-15 20:10:55.300810',1),(72,1,'DFE04CF43625A8B5B3C3F976C7657B61A15E2A63D2819AD54063022A92F45020','2025-11-22 20:32:03.976466','2025-11-15 20:32:03.976441',1),(73,1,'91C13951B3C8E4B9381401D0242643B8A2681A05E9FDBB3A5C33764BAD202600','2025-11-23 02:15:01.884444','2025-11-16 02:15:01.884411',1),(74,1,'DA2C7063F6A437B417710F772129F03F6EADAE2A5BB1EE77A3763007F1592571','2025-11-24 03:03:45.211546','2025-11-17 03:03:45.211545',1),(75,1,'A111CBFB057E07C4FB3024F9BFBB0A241EF9BDB9A7F1007B5AEE1AFB2D7A52A3','2025-11-24 03:07:49.743381','2025-11-17 03:07:49.743379',1),(76,1,'58C0A4D22A8BAA3FDBE8EB2E064C6131852E467B4530821CA70F39BC67353474','2025-11-24 03:35:11.755709','2025-11-17 03:35:11.755677',1),(77,1,'D989637FC3F5E26845413D991638A7489B4F3685CA179FDA38C9A9821C5D4870','2025-11-24 03:46:20.596169','2025-11-17 03:46:20.596127',1),(78,1,'3B4B769E403BB2DC823D53A66EFFEA34FB7E2420A39599AF581D619AFBE3E75F','2025-11-24 03:49:55.524016','2025-11-17 03:49:55.524016',1),(79,1,'8FB97AE8E34E2545A0CD0C6B8ECFE778A3F9361EAD954C820E6E51D80B781A61','2025-11-24 03:51:42.564395','2025-11-17 03:51:42.564394',1),(80,1,'6377EDD7A419B5C7BA0E5573818D08C4B1EBC684E38083E823E02725613E0426','2025-11-24 04:52:37.871310','2025-11-17 04:52:37.871308',1),(81,1,'C9E35F77850DD635F756261FF1ECAB283780FB31FAA832E64E3D91E8FA4B8D47','2025-11-24 13:56:13.212991','2025-11-17 13:56:13.212989',1),(82,1,'BF92ADD6C98447DD7A310B22C568A40C0ACB3317D57068E0113170E55C28641C','2025-11-26 01:01:22.769481','2025-11-19 01:01:22.769456',1),(83,1,'B5C52872D79E4DC147392999CBF36596B09A2CE70DB1BBBC8EED704EBB308688','2025-11-26 01:05:50.296740','2025-11-19 01:05:50.296739',1),(84,1,'FC7E626105A57DB7E8D4952A898AD0E3449A606AA63137EA20555164A9951860','2025-11-26 01:18:01.574846','2025-11-19 01:18:01.574811',1),(85,1,'B10E854103C41F495F5016B9350A4E2CE4BCFEE357C4C5705D8C4FEA0AFE1C09','2025-11-26 02:34:48.294332','2025-11-19 02:34:48.294331',1),(86,1,'8B6BA6AE52063082503D20099C3E4B4B8CB94E6C4B49C86938BC5AF83C77972A','2025-11-26 02:47:20.152208','2025-11-19 02:47:20.152148',1),(87,1,'A77BEF9593D6AE0111B6A068BF5D3865A3B900DF000A7E3F2247D4DCFB9A1903','2025-11-26 02:50:39.539084','2025-11-19 02:50:39.539020',1),(88,1,'8862A2DFCD6D7EE3758BDF8DC313ADBC04832FB8BC68A4E5EFFD4F3025EC596F','2025-11-26 02:54:21.426919','2025-11-19 02:54:21.426919',1),(89,1,'342F73554C3764E4647C38E359645D40D92237A439A756C03B5233DD50846187','2025-11-26 02:54:28.003451','2025-11-19 02:54:28.003392',1),(90,1,'4FF6ECEB94C803642D7000C60C7EEA26688DB3178C3D1689B6B8D9DF0D720506','2025-11-26 12:59:54.978633','2025-11-19 12:59:54.978632',1),(91,1,'2A0F5BE5C1DFA7B57D67DA561D047E9B7901E7B381AAF38EA7129B3E6A4EE600','2025-11-26 13:41:50.967752','2025-11-19 13:41:50.967752',1),(92,1,'125D81B65C088503932F7D99CC5D7FEC4D573B3F2C4086C35FC5D2C4E463D385','2025-11-26 15:08:04.047936','2025-11-19 15:08:04.047901',1),(93,1,'3D9DE3F7E123AD803CC60E4D42D8B1D673ED2A02CAAAC331154DDC51F2DEBBBF','2025-11-26 15:21:13.911737','2025-11-19 15:21:13.911700',1),(94,1,'5112D7894B6F7AF2B48A037F0A0D4D7F3B7B97697C5A1D9C533686C0427D61E9','2025-11-26 15:27:01.043696','2025-11-19 15:27:01.043695',1),(95,1,'A792F52C14C88740B017E7A301E4FB7A6EF4024EC9A825FC4D6267D2099DFEDA','2025-11-26 15:27:23.347313','2025-11-19 15:27:23.347290',1),(96,1,'B0E8596AA6FF34C5B4C2378793D0FD882C2BFB16B0C29873E1526B76DC0AC21A','2025-11-26 20:10:54.296432','2025-11-19 20:10:54.296379',1),(97,1,'721C62104DE983FD699B3AD63EE7E710BBADF2432F31A77609746D72F1C8091D','2025-11-27 01:58:57.301299','2025-11-20 01:58:57.301298',0);
/*!40000 ALTER TABLE `RefreshTokens` ENABLE KEYS */;
UNLOCK TABLES;

--
-- Table structure for table `Servico`
--

DROP TABLE IF EXISTS `Servico`;
/*!40101 SET @saved_cs_client     = @@character_set_client */;
/*!40101 SET character_set_client = utf8mb4 */;
CREATE TABLE `Servico` (
  `Id` int NOT NULL AUTO_INCREMENT,
  `NomeServico` varchar(100) CHARACTER SET utf8mb4 COLLATE utf8mb4_0900_ai_ci NOT NULL,
  `Preco` decimal(10,2) NOT NULL,
  PRIMARY KEY (`Id`)
) ENGINE=InnoDB AUTO_INCREMENT=6 DEFAULT CHARSET=utf8mb4 COLLATE=utf8mb4_0900_ai_ci;
/*!40101 SET character_set_client = @saved_cs_client */;

--
-- Dumping data for table `Servico`
--

LOCK TABLES `Servico` WRITE;
/*!40000 ALTER TABLE `Servico` DISABLE KEYS */;
INSERT INTO `Servico` VALUES (1,'Corte social',15.00),(2,'Corte degradê (Sem navalha)',20.00),(3,'Corte degradê (navalhado)',25.00),(4,'Corte argentino',25.00),(5,'Corte Mullet',25.00);
/*!40000 ALTER TABLE `Servico` ENABLE KEYS */;
UNLOCK TABLES;

--
-- Table structure for table `Usuarios`
--

DROP TABLE IF EXISTS `Usuarios`;
/*!40101 SET @saved_cs_client     = @@character_set_client */;
/*!40101 SET character_set_client = utf8mb4 */;
CREATE TABLE `Usuarios` (
  `Id` int NOT NULL AUTO_INCREMENT,
  `NomeUsuario` longtext CHARACTER SET utf8mb4 COLLATE utf8mb4_0900_ai_ci NOT NULL,
  `SenhaHash` longtext CHARACTER SET utf8mb4 COLLATE utf8mb4_0900_ai_ci NOT NULL,
  `NomeCompleto` longtext CHARACTER SET utf8mb4 COLLATE utf8mb4_0900_ai_ci NOT NULL,
  `Cargo` longtext CHARACTER SET utf8mb4 COLLATE utf8mb4_0900_ai_ci NOT NULL,
  `Ativo` tinyint(1) NOT NULL,
  `BarbeiroId` int DEFAULT NULL,
  `Role` longtext CHARACTER SET utf8mb4 COLLATE utf8mb4_0900_ai_ci NOT NULL,
  PRIMARY KEY (`Id`)
) ENGINE=InnoDB AUTO_INCREMENT=3 DEFAULT CHARSET=utf8mb4 COLLATE=utf8mb4_0900_ai_ci;
/*!40101 SET character_set_client = @saved_cs_client */;

--
-- Dumping data for table `Usuarios`
--

LOCK TABLES `Usuarios` WRITE;
/*!40000 ALTER TABLE `Usuarios` DISABLE KEYS */;
INSERT INTO `Usuarios` VALUES (1,'admin','$2b$12$xEJHPCgKbo6GshhpcERg5.WKtT8bvQHZIhPvPCNlpTs4PX66IBR.i','Cristian Schmidt','Administrador',1,6,''),(2,'gabrieladm','$2b$11$ZpEzUO5j7hS5.4/9wFFKVOLCtYrrI0jFyIMPCqDw/gsoKE3voQdUS','Gabriel Rodrigues da Silva','Administrador',1,2,'');
/*!40000 ALTER TABLE `Usuarios` ENABLE KEYS */;
UNLOCK TABLES;

--
-- Table structure for table `__EFMigrationsHistory`
--

DROP TABLE IF EXISTS `__EFMigrationsHistory`;
/*!40101 SET @saved_cs_client     = @@character_set_client */;
/*!40101 SET character_set_client = utf8mb4 */;
CREATE TABLE `__EFMigrationsHistory` (
  `MigrationId` varchar(150) CHARACTER SET utf8mb4 COLLATE utf8mb4_0900_ai_ci NOT NULL,
  `ProductVersion` varchar(32) CHARACTER SET utf8mb4 COLLATE utf8mb4_0900_ai_ci NOT NULL,
  PRIMARY KEY (`MigrationId`)
) ENGINE=InnoDB DEFAULT CHARSET=utf8mb4 COLLATE=utf8mb4_0900_ai_ci;
/*!40101 SET character_set_client = @saved_cs_client */;

--
-- Dumping data for table `__EFMigrationsHistory`
--

LOCK TABLES `__EFMigrationsHistory` WRITE;
/*!40000 ALTER TABLE `__EFMigrationsHistory` DISABLE KEYS */;
INSERT INTO `__EFMigrationsHistory` VALUES ('20251110005112_InitialCreate','8.0.8'),('20251113032550_AjusteAgendamentoObservacao','8.0.8');
/*!40000 ALTER TABLE `__EFMigrationsHistory` ENABLE KEYS */;
UNLOCK TABLES;
/*!40103 SET TIME_ZONE=@OLD_TIME_ZONE */;

/*!40101 SET SQL_MODE=@OLD_SQL_MODE */;
/*!40014 SET FOREIGN_KEY_CHECKS=@OLD_FOREIGN_KEY_CHECKS */;
/*!40014 SET UNIQUE_CHECKS=@OLD_UNIQUE_CHECKS */;
/*!40101 SET CHARACTER_SET_CLIENT=@OLD_CHARACTER_SET_CLIENT */;
/*!40101 SET CHARACTER_SET_RESULTS=@OLD_CHARACTER_SET_RESULTS */;
/*!40101 SET COLLATION_CONNECTION=@OLD_COLLATION_CONNECTION */;
/*!40111 SET SQL_NOTES=@OLD_SQL_NOTES */;

-- Dump completed on 2025-11-24  0:04:33
